Section,Parameter,Value,OEM,Total Suppliers,Successful Tickers,Failed Tickers,OEM Ticker,Supplier Ticker,Correlation,Ticker,Company Type,Supplier of,Equal Allocation Weight,Equal Allocation Investment,Random Allocation Weight,Random Allocation Investment,Sharpe Optimized Weight,Sharpe Optimized Investment,Minimum Variance Weight,Minimum Variance Investment
Parameters,Investment Start Date,2019-01-01,,,,,,,,,,,,,,,,,,
Parameters,Investment End Date,2020-12-31,,,,,,,,,,,,,,,,,,
Parameters,Training Start Date,2018-01-14,,,,,,,,,,,,,,,,,,
Parameters,Correlation Threshold,0.5,,,,,,,,,,,,,,,,,,
Parameters,Correlation Calculation Period,252,,,,,,,,,,,,,,,,,,
Parameters,Initial Investment Amount,1000000,,,,,,,,,,,,,,,,,,
Supplier Statistics,,,F,162.0,92.0,70.0,,,,,,,,,,,,,,
Supplier Statistics,,,GM,148.0,69.0,79.0,,,,,,,,,,,,,,
Supplier Statistics,,,VOW3.DE,0.0,0.0,0.0,,,,,,,,,,,,,,
Supplier Correlations,,,,,,,VOW3.DE,CON.DE,0.5135799861667446,,,,,,,,,,,
Supplier Correlations,,,,,,,VOW3.DE,FRVIA.PA,0.5799632019602179,,,,,,,,,,,
Portfolio Weights and Investments,,,,,,,,,N/A,F,OEM,F,0.2,200000.0,0.2568877581488512,256887.75814885116,0.05000000000000008,50000.00000000008,0.29259116428457393,292591.1642845739
Portfolio Weights and Investments,,,,,,,,,N/A,GM,OEM,GM,0.2,200000.0,0.2555313985231357,255531.39852313572,0.41504668103152276,415046.68103152275,0.056351249574046046,56351.24957404604
Portfolio Weights and Investments,,,,,,,,,N/A,VOW3.DE,OEM,VOW3.DE,0.2,200000.0,0.21629003989074522,216290.03989074522,0.04999999999999985,49999.99999999985,0.5032785874084179,503278.5874084179
Portfolio Weights and Investments,,,,,,,,,0.5135799861667446,CON.DE,Supplier,VOW3.DE,0.2,200000.0,0.11694127294337855,116941.27294337856,0.0,0.0,0.14777899873296207,147778.99873296206
Portfolio Weights and Investments,,,,,,,,,0.5799632019602179,FRVIA.PA,Supplier,VOW3.DE,0.2,200000.0,0.15434953049388944,154349.53049388944,0.4849533189684772,484953.3189684772,0.0,0.0
