Section,Parameter,Value,OEM,Total Suppliers,Successful Tickers,Failed Tickers,OEM Ticker,Supplier Ticker,Correlation,Ticker,Company Type,Supplier of,Equal Allocation Weight,Equal Allocation Investment,Random Allocation Weight,Random Allocation Investment,Sharpe Optimized Weight,Sharpe Optimized Investment,Minimum Variance Weight,Minimum Variance Investment
Parameters,Investment Start Date,2020-01-01,,,,,,,,,,,,,,,,,,
Parameters,Investment End Date,2020-12-31,,,,,,,,,,,,,,,,,,
Parameters,Training Start Date,2019-01-14,,,,,,,,,,,,,,,,,,
Parameters,Correlation Threshold,0.5,,,,,,,,,,,,,,,,,,
Parameters,Correlation Calculation Period,252,,,,,,,,,,,,,,,,,,
Parameters,Initial Investment Amount,1000000,,,,,,,,,,,,,,,,,,
Supplier Statistics,,,F,162.0,95.0,67.0,,,,,,,,,,,,,,
Supplier Statistics,,,GM,148.0,70.0,78.0,,,,,,,,,,,,,,
Supplier Statistics,,,VOW3.DE,0.0,0.0,0.0,,,,,,,,,,,,,,
Supplier Correlations,,,,,,,F,CSTM,0.6308850169585744,,,,,,,,,,,
Supplier Correlations,,,,,,,GM,2105.TW,0.5556369483241368,,,,,,,,,,,
Supplier Correlations,,,,,,,GM,APTV,0.6936674782827443,,,,,,,,,,,
Supplier Correlations,,,,,,,GM,AXL,0.5542722823848406,,,,,,,,,,,
Supplier Correlations,,,,,,,GM,COHR,0.5423078486887518,,,,,,,,,,,
Supplier Correlations,,,,,,,GM,CPS,0.5098429282338807,,,,,,,,,,,
Supplier Correlations,,,,,,,GM,DAN,0.6043930792989051,,,,,,,,,,,
Portfolio Weights and Investments,,,,,,,,,N/A,F,OEM,F,0.1,100000.0,0.10923852731797812,109238.52731797812,0.04999999999999931,49999.99999999931,0.049999999999999996,49999.99999999999
Portfolio Weights and Investments,,,,,,,,,0.6308850169585744,CSTM,Supplier,F,0.1,100000.0,0.12959062328308368,129590.62328308368,0.0,0.0,0.0,0.0
Portfolio Weights and Investments,,,,,,,,,N/A,GM,OEM,GM,0.1,100000.0,0.08276976327611804,82769.76327611804,0.04999999999999953,49999.999999999534,0.04999999999999997,49999.99999999997
Portfolio Weights and Investments,,,,,,,,,0.5556369483241368,2105.TW,Supplier,GM,0.1,100000.0,0.10933963713619513,109339.63713619513,0.18121949462582335,181219.49462582334,0.6902199566706851,690219.9566706851
Portfolio Weights and Investments,,,,,,,,,0.6936674782827443,APTV,Supplier,GM,0.1,100000.0,0.06603068268956633,66030.68268956633,2.238712611203558e-16,2.2387126112035578e-10,9.088047964125118e-18,9.088047964125119e-12
Portfolio Weights and Investments,,,,,,,,,0.5542722823848406,AXL,Supplier,GM,0.1,100000.0,0.11102527390605378,111025.27390605379,0.0,0.0,0.0,0.0
Portfolio Weights and Investments,,,,,,,,,0.5423078486887518,COHR,Supplier,GM,0.1,100000.0,0.14438574449717562,144385.74449717562,0.643987346896128,643987.346896128,0.08597703393262947,85977.03393262946
Portfolio Weights and Investments,,,,,,,,,0.5098429282338807,CPS,Supplier,GM,0.1,100000.0,0.05111304397914308,51113.04397914308,0.024793158478049745,24793.158478049743,1.6820831753881205e-17,1.6820831753881206e-11
Portfolio Weights and Investments,,,,,,,,,0.6043930792989051,DAN,Supplier,GM,0.1,100000.0,0.06854281458347403,68542.81458347403,1.708357007176336e-16,1.7083570071763362e-10,2.8673216373056914e-17,2.8673216373056913e-11
Portfolio Weights and Investments,,,,,,,,,N/A,VOW3.DE,OEM,VOW3.DE,0.1,100000.0,0.1279638893312122,127963.8893312122,0.05000000000000002,50000.000000000015,0.12380300939668543,123803.00939668543
