Section,Parameter,Value,OEM,Total Suppliers,Successful Tickers,Failed Tickers,Ticker,Company Type,Supplier of,Equal Allocation Weight,Equal Allocation Investment,Random Allocation Weight,Random Allocation Investment,Sharpe Optimized Weight,Sharpe Optimized Investment,Minimum Variance Weight,Minimum Variance Investment,Correlation
Parameters,Investment Start Date,2024-01-01,,,,,,,,,,,,,,,,
Parameters,Investment End Date,2024-10-31,,,,,,,,,,,,,,,,
Parameters,Training Start Date,2023-01-14,,,,,,,,,,,,,,,,
Parameters,Correlation Threshold,0.5,,,,,,,,,,,,,,,,
Parameters,Correlation Calculation Period,252,,,,,,,,,,,,,,,,
Parameters,Initial Investment Amount,1000000,,,,,,,,,,,,,,,,
Supplier Statistics,,,F,162.0,111.0,51.0,,,,,,,,,,,,
Supplier Statistics,,,GM,148.0,80.0,68.0,,,,,,,,,,,,
Supplier Statistics,,,VOW3.DE,0.0,0.0,0.0,,,,,,,,,,,,
Portfolio Weights and Investments,,,,,,,F,OEM,F,0.3333333333333333,333333.3333333333,0.480803173350607,480803.17335060704,0.05000000000000071,50000.00000000071,0.05000000000000001,50000.00000000001,N/A
Portfolio Weights and Investments,,,,,,,GM,OEM,GM,0.3333333333333333,333333.3333333333,0.07448865260046435,74488.65260046435,0.8999999999999999,899999.9999999999,0.2812725656772015,281272.5656772015,N/A
Portfolio Weights and Investments,,,,,,,VOW3.DE,OEM,VOW3.DE,0.3333333333333333,333333.3333333333,0.44470817404892876,444708.1740489288,0.04999999999999938,49999.99999999938,0.6687274343227985,668727.4343227985,N/A
