Section,Parameter,Value,OEM,Total Suppliers,Successful Tickers,Failed Tickers,OEM Ticker,Supplier Ticker,Correlation,Ticker,Company Type,Supplier of,Equal Allocation Weight,Equal Allocation Investment,Random Allocation Weight,Random Allocation Investment,Sharpe Optimized Weight,Sharpe Optimized Investment,Minimum Variance Weight,Minimum Variance Investment
Parameters,Investment Start Date,2020-01-01,,,,,,,,,,,,,,,,,,
Parameters,Investment End Date,2020-12-31,,,,,,,,,,,,,,,,,,
Parameters,Training Start Date,2019-01-14,,,,,,,,,,,,,,,,,,
Parameters,Correlation Threshold,0.5,,,,,,,,,,,,,,,,,,
Parameters,Correlation Calculation Period,252,,,,,,,,,,,,,,,,,,
Parameters,Initial Investment Amount,1000000,,,,,,,,,,,,,,,,,,
Supplier Statistics,,,F,162.0,95.0,67.0,,,,,,,,,,,,,,
Supplier Statistics,,,GM,148.0,70.0,78.0,,,,,,,,,,,,,,
Supplier Correlations,,,,,,,F,CSTM,0.6307632514308406,,,,,,,,,,,
Supplier Correlations,,,,,,,GM,2105.TW,0.555587954401219,,,,,,,,,,,
Supplier Correlations,,,,,,,GM,APTV,0.6996934905438463,,,,,,,,,,,
Supplier Correlations,,,,,,,GM,AXL,0.5501752833462386,,,,,,,,,,,
Supplier Correlations,,,,,,,GM,COHR,0.5416649778283131,,,,,,,,,,,
Supplier Correlations,,,,,,,GM,CPS,0.5021083869636455,,,,,,,,,,,
Supplier Correlations,,,,,,,GM,DAN,0.6016096616347519,,,,,,,,,,,
Portfolio Weights and Investments,,,,,,,,,N/A,F,OEM,F,0.1111111111111111,111111.11111111111,0.1002111152993366,100211.1152993366,0.05000000000000004,50000.00000000004,0.09474656394333725,94746.56394333724
Portfolio Weights and Investments,,,,,,,,,0.6307632514308406,CSTM,Supplier,F,0.1111111111111111,111111.11111111111,0.16951176049086664,169511.76049086664,0.0,0.0,5.2814198327200135e-17,5.2814198327200135e-11
Portfolio Weights and Investments,,,,,,,,,N/A,GM,OEM,GM,0.1111111111111111,111111.11111111111,0.17764494541916814,177644.94541916813,0.04999999999999929,49999.99999999929,0.09475360961028345,94753.60961028346
Portfolio Weights and Investments,,,,,,,,,0.555587954401219,2105.TW,Supplier,GM,0.1111111111111111,111111.11111111111,0.17003394781102335,170033.94781102336,0.26154117335987753,261541.17335987755,0.7223553893570837,722355.3893570837
Portfolio Weights and Investments,,,,,,,,,0.6996934905438463,APTV,Supplier,GM,0.1111111111111111,111111.11111111111,0.029772432251732685,29772.432251732684,0.0034036094429326443,3403.6094429326445,1.9945931841944264e-17,1.9945931841944264e-11
Portfolio Weights and Investments,,,,,,,,,0.5501752833462386,AXL,Supplier,GM,0.1111111111111111,111111.11111111111,0.014071672246010818,14071.672246010818,8.256517450243788e-16,8.256517450243787e-10,9.625682412597869e-18,9.625682412597869e-12
Portfolio Weights and Investments,,,,,,,,,0.5416649778283131,COHR,Supplier,GM,0.1111111111111111,111111.11111111111,0.18732172121396834,187321.72121396833,0.6088468314953316,608846.8314953316,0.08814443708929565,88144.43708929565
Portfolio Weights and Investments,,,,,,,,,0.5021083869636455,CPS,Supplier,GM,0.1111111111111111,111111.11111111111,0.14827758100658595,148277.58100658594,0.02620838570185848,26208.38570185848,8.104411239329146e-18,8.104411239329146e-12
Portfolio Weights and Investments,,,,,,,,,0.6016096616347519,DAN,Supplier,GM,0.1111111111111111,111111.11111111111,0.0031548242613077056,3154.8242613077055,3.6418305837792407e-16,3.6418305837792406e-10,0.0,0.0
