﻿Supplier Name,Exchange:Ticker Symbol,Customer Name,Entity,Relationship Type,Primary Industry,Source,Business Description
3REN Berhad (KLSE:3REN),KLSE:3REN,Intel Electronics (M) Sdn. Bhd.,"Subsidiary/Investment
                         ",Supplier,Semiconductor Materials and Equipment,3REN Berhad (KLSE:3REN) - Form Doc,"3REN Berhad, an investment holding company, provides automation solutions and engineering services in Malaysia, Singapore, Thailand, the United States, China, Vietnam, the Philippines, Canada, Costa Rica, India, and Taiwan. It operates through four segments: Provision of Engineering Support Services for IC Assembly and Testing; Design, Development and Sale of Digitalised Solutions; Provision of Product Engineering Services; and Design, Development and Sale of Automated Equipment. The company provides engineering support services, such as equipment installation and tool conversion, equipment maintenance and troubleshooting, PCB rework, material transfer and management, quality, safety and control management, and inventory control management, as well as production operation. It also provides solution design development, testing and commissioning, and technical support services, as well as assembly, integration, and configuration services for digitalized solutions. In addition, the company provides product engineering services, such as post-silicon validation, NPI, and software development services; designs and develops customized automated equipment; and offers precision machining and related services. It primarily serves various segments of the semiconductor and electronics markets, as well as manufacturing companies. The company was incorporated in 2021 and is based in Bukit Mertajam, Malaysia."
3REN Berhad (KLSE:3REN),KLSE:3REN,Intel Microelectronics (M) Sdn. Bhd.,"Subsidiary/Investment
                         ",Supplier,Semiconductor Materials and Equipment,3REN Berhad (KLSE:3REN) - Form Doc,"3REN Berhad, an investment holding company, provides automation solutions and engineering services in Malaysia, Singapore, Thailand, the United States, China, Vietnam, the Philippines, Canada, Costa Rica, India, and Taiwan. It operates through four segments: Provision of Engineering Support Services for IC Assembly and Testing; Design, Development and Sale of Digitalised Solutions; Provision of Product Engineering Services; and Design, Development and Sale of Automated Equipment. The company provides engineering support services, such as equipment installation and tool conversion, equipment maintenance and troubleshooting, PCB rework, material transfer and management, quality, safety and control management, and inventory control management, as well as production operation. It also provides solution design development, testing and commissioning, and technical support services, as well as assembly, integration, and configuration services for digitalized solutions. In addition, the company provides product engineering services, such as post-silicon validation, NPI, and software development services; designs and develops customized automated equipment; and offers precision machining and related services. It primarily serves various segments of the semiconductor and electronics markets, as well as manufacturing companies. The company was incorporated in 2021 and is based in Bukit Mertajam, Malaysia."
3REN Berhad (KLSE:3REN),KLSE:3REN,Intel Products (M) Sdn. Bhd.,"Subsidiary/Investment
                         ",Supplier,Semiconductor Materials and Equipment,3REN Berhad (KLSE:3REN) - Form Doc,"3REN Berhad, an investment holding company, provides automation solutions and engineering services in Malaysia, Singapore, Thailand, the United States, China, Vietnam, the Philippines, Canada, Costa Rica, India, and Taiwan. It operates through four segments: Provision of Engineering Support Services for IC Assembly and Testing; Design, Development and Sale of Digitalised Solutions; Provision of Product Engineering Services; and Design, Development and Sale of Automated Equipment. The company provides engineering support services, such as equipment installation and tool conversion, equipment maintenance and troubleshooting, PCB rework, material transfer and management, quality, safety and control management, and inventory control management, as well as production operation. It also provides solution design development, testing and commissioning, and technical support services, as well as assembly, integration, and configuration services for digitalized solutions. In addition, the company provides product engineering services, such as post-silicon validation, NPI, and software development services; designs and develops customized automated equipment; and offers precision machining and related services. It primarily serves various segments of the semiconductor and electronics markets, as well as manufacturing companies. The company was incorporated in 2021 and is based in Bukit Mertajam, Malaysia."
3REN Berhad (KLSE:3REN),KLSE:3REN,Intel Technology Sdn. Bhd.,"Subsidiary/Investment
                         ",Supplier,Semiconductor Materials and Equipment,3REN Berhad (KLSE:3REN) - Form Doc,"3REN Berhad, an investment holding company, provides automation solutions and engineering services in Malaysia, Singapore, Thailand, the United States, China, Vietnam, the Philippines, Canada, Costa Rica, India, and Taiwan. It operates through four segments: Provision of Engineering Support Services for IC Assembly and Testing; Design, Development and Sale of Digitalised Solutions; Provision of Product Engineering Services; and Design, Development and Sale of Automated Equipment. The company provides engineering support services, such as equipment installation and tool conversion, equipment maintenance and troubleshooting, PCB rework, material transfer and management, quality, safety and control management, and inventory control management, as well as production operation. It also provides solution design development, testing and commissioning, and technical support services, as well as assembly, integration, and configuration services for digitalized solutions. In addition, the company provides product engineering services, such as post-silicon validation, NPI, and software development services; designs and develops customized automated equipment; and offers precision machining and related services. It primarily serves various segments of the semiconductor and electronics markets, as well as manufacturing companies. The company was incorporated in 2021 and is based in Bukit Mertajam, Malaysia."
"Advanced Micro Devices, Inc. (NasdaqGS:AMD)",NasdaqGS:AMD,Intel Corporation (NasdaqGS:INTC),"Self
                         ",Supplier,Semiconductors,Key DevelopmentStrategic Alliances Oct-15-2024,"Advanced Micro Devices, Inc. operates as a semiconductor company worldwide. It operates through Data Center, Client, Gaming, and Embedded segments. The company offers x86 microprocessors and graphics processing units (GPUs) as an accelerated processing unit, chipsets, data center, and professional GPUs; and embedded processors, and semi-custom system-on-chip (SoC) products, microprocessor and SoC development services and technology, data processing unites, field programmable gate arrays (FPGA), and adaptive SoC products. It provides processors under the AMD Ryzen, AMD Ryzen PRO, Ryzen Threadripper, Ryzen Threadripper PRO, AMD Athlon, AMD Athlon PRO, and AMD PRO A-Series brand names; graphics under the AMD Radeon graphics and AMD Embedded Radeon graphics; and professional graphics under the AMD Radeon Pro graphics brand name. In addition, the company offers data center graphics under the Radeon Instinct and Radeon PRO V-series brands, as well as servers under the AMD Instinct accelerators brand; server microprocessors under the AMD EPYC brands; low power solutions under the AMD Athlon, AMD Geode, AMD Ryzen, AMD EPYC, AMD R-Series, and G-Series brands; FPGA products under the Virtex-6, Virtex-7, Virtex UltraScale+, Kintex-7, Kintex UltraScale, Kintex UltraScale+, Artix-7, Artix UltraScale+, Spartan-6, and Spartan-7 brands; adaptive SOCs under the Zynq-7000, Zynq UltraScale+ MPSoC, Zynq UltraScale+ RFSoCs, Versal HBM, Versal Premium, Versal Prime, Versal AI Core, Versal AI Edge, Vitis, and Vivado brands; and compute and network acceleration board products under the Alveo brand. It serves original equipment and design manufacturers, public cloud service providers, system integrators, independent distributors, and add-in-board manufacturers through its direct sales force, and sales representatives. Advanced Micro Devices, Inc. was incorporated in 1969 and is headquartered in Santa Clara, California."
"Applied Materials, Inc. (NasdaqGS:AMAT)",NasdaqGS:AMAT,Intel Corporation (NasdaqGS:INTC),"Self
                         ",Supplier,Semiconductor Materials and Equipment,"Applied Materials, Inc. (NasdaqGS:AMAT) 2023 Form 10-K","Applied Materials, Inc. engages in the provision of manufacturing equipment, services, and software to the semiconductor, display, and related industries. The company operates through three segments: Semiconductor Systems, Applied Global Services, and Display and Adjacent Markets. The Semiconductor Systems segment develops, manufactures, and sells various manufacturing equipment that is used to fabricate semiconductor chips or integrated circuits. This segment also offers various technologies, including epitaxy, ion implantation, oxidation/nitridation, rapid thermal processing, physical vapor deposition, chemical vapor deposition, chemical mechanical planarization, electrochemical deposition, atomic layer deposition, etching, and selective deposition and removal, as well as metrology and inspection tools. The Applied Global Services segment provides integrated solutions to optimize equipment and fab performance and productivity comprising spares, upgrades, services, remanufactured earlier generation equipment, and factory automation software for semiconductor, display, and other products. The Display and Adjacent Markets segment offers products for manufacturing liquid crystal displays; organic light-emitting diodes; and other display technologies for TVs, monitors, laptops, personal computers, electronic tablets, smart phones, and other consumer-oriented devices. It operates in the United States, China, Korea, Taiwan, Japan, Southeast Asia, and Europe. The company was incorporated in 1967 and is headquartered in Santa Clara, California."
Arm Holdings plc (NasdaqGS:ARM),NasdaqGS:ARM,Intel Corporation (NasdaqGS:INTC),"Self
                         ",Supplier,Semiconductors,Arm Holdings plc (NasdaqGS:ARM) 2023 Form 424B4,"Arm Holdings plc architects, develops, and licenses central processing unit products and related technologies for semiconductor companies and original equipment manufacturers rely on to develop products. The company is involved in the licensing, marketing, research, and development of microprocessors, systems intellectual property (IPs), graphics processing units, physical IP and associated systems IPs, software, tools, and other related services. It also offers system IP products, including memory controller IP, interconnect IP, and other on-chip peripheral components; and compute platforms for a range of devices and applications. The companyÕs products are used in various markets, such as automotive, computing infrastructure, consumer technologies, and Internet of things. It operates in the United States, the PeopleÕs Republic of China, Taiwan, the Republic of Korea, and internationally. The company was founded in 1990 and is headquartered in Cambridge, the United Kingdom. Arm Holdings plc operates as a subsidiary of Kronos II LLC."
ASML Holding N.V. (ENXTAM:ASML),ENXTAM:ASML,Intel Corporation (NasdaqGS:INTC),"Self
                         ",Supplier,Semiconductor Materials and Equipment,ASML Holding N.V. (ENXTAM:ASML) 2023 Form 20-F,"ASML Holding N.V. develops, produces, markets, sells, and services advanced semiconductor equipment systems for chipmakers. It offers advanced semiconductor equipment systems, including lithography, metrology, and inspection systems. The company also provides extreme ultraviolet lithography systems; and deep ultraviolet lithography systems comprising immersion and dry lithography solutions to manufacture various range of semiconductor nodes and technologies. In addition, it offers metrology and inspection systems, including YieldStar optical metrology systems to assess the quality of patterns on the wafers; and HMI electron beam solutions to locate and analyze individual chip defects. Further, the company provides computational lithography solutions, and lithography systems and control software solutions; and refurbishes and upgrades lithography systems, as well as offers customer support and related services. It operates in Japan, South Korea, Singapore, Taiwan, China, rest of Asia, the Netherlands, rest of Europe, the Middle East, Africa, and the United States. The company was formerly known as ASM Lithography Holding N.V. and changed its name to ASML Holding N.V. in 2001. ASML Holding N.V. was founded in 1984 and is headquartered in Veldhoven, the Netherlands."
BE Semiconductor Industries N.V. (ENXTAM:BESI),ENXTAM:BESI,Intel Corporation (NasdaqGS:INTC),"Self
                         ",Supplier,Semiconductor Materials and Equipment,BE Semiconductor Industries N.V. (ENXTAM:BESI) - Form Doc,"BE Semiconductor Industries N.V. engages in the development, manufacture, marketing, sale, and service of semiconductor assembly equipment for the semiconductor and electronics industries in China, the United States, Malaysia, Ireland, Korea, Taiwan, Thailand, Other Asia Pacific and Europe, and internationally. It operates through three segments: Die Attach, Packaging, and Plating. The companyÕs principal products include die attach equipment, such as single chip, multi-chip, multi module, flip chip, thermal compression bonding, fan out wafer level packaging, hybrid and embedded bridge die bonding, and die sorting systems; and packaging equipment, including conventional, ultra-thin, and wafer level molding, as well as trim and form, and singulation systems. It also provides plating equipment, such as tin, copper, and precious metal and solar plating systems, as well as related process chemicals; and tooling, conversion kits, spare parts, and other services. The companyÕs principal brand names include Datacon, Esec, Fico, and Meco. It offers its products primarily to multinational chip manufacturers, assembly subcontractors, and electronics and industrial companies. BE Semiconductor Industries N.V. was incorporated in 1995 and is headquartered in Duiven, the Netherlands."
Bloom Energy Corporation (NYSE:BE),NYSE:BE,Intel Corporation (NasdaqGS:INTC),"Self
                         ",Supplier,Heavy Electrical Equipment,Key DevelopmentClient Announcements May-09-2024,"Bloom Energy Corporation designs, manufactures, sells, and installs solid-oxide fuel cell systems for on-site power generation in the United States and internationally. The company offers Bloom Energy Server, a solid oxide technology that converts fuel, such as natural gas, biogas, hydrogen, or a blend of these fuels into electricity through an electrochemical process without combustion. It sells its products through direct and indirect sales channels to utilities, data centers, agriculture, retail, hospitals, higher education, biotech, and manufacturing industries. The company was formerly known as Ion America Corp. and changed its name to Bloom Energy Corporation in 2006. Bloom Energy Corporation was incorporated in 2001 and is headquartered in San Jose, California."
"Bozhon Precision Industry Technology Co.,Ltd. (SHSE:688097)",SHSE:688097,Intel Corporation (NasdaqGS:INTC),"Self
                         ",Supplier,Industrial Machinery and Supplies and Components,"Bozhon Precision Industry Technology Co.,Ltd. (SHSE:688097) - Form ","Bozhon Precision Industry Technology Co.,Ltd. engages in the development, design, production, and sale of automation equipment, automated flexible production lines, automated key components, tooling, and others in China and internationally. The company is involved in industrial digitalization, intelligent workshop integration equipment, production lines, three-dimensional warehouses and software, industrial automation integrated equipment, fixtures, new energy charging and discharging equipment, laser equipment, laser equipment peripheral products technology development and technical consultation, technical service, research and development, production, system integration, engineering installation, sales, and after-sales service. It provides consulting services for digital factories, intelligent manufacturing solutions, new energy automotive products, mechanical and electronic equipment, industrial mobile cars, industrial mobile handling equipment, and related research and development, production, and sale of software. The company was founded in 2001 and is based in Suzhou, China."
Calnex Solutions plc (AIM:CLX),AIM:CLX,Intel Corporation (NasdaqGS:INTC),"Self
                         ",Supplier,Communications Equipment,Calnex Solutions plc (AIM:CLX) 2024 Form Doc,"Calnex Solutions plc designs, produces, and markets test instrumentation and solutions for network synchronization, and network emulation for telecoms networks, enterprise networks, and data centers in the Americas, North Asia, and internationally. The company offers Calnex SNE-X, a solution for the problem of ethernet testing; Paragon-neo, a platform that provides PTP and SyncE testing to 400GbE and sub-nanosecond accuracy for 5G networks; Paragon-X, a solution to test SyncE, PTP, and NTP mechanisms, as well as E1/T1 sync interfaces and ethernet OAM; Sentinel, a field solution for 3G/4G/5G mobile backhaul, E911/critical infrastructure, financial networks, and power comms; NE-ONE Enterprise to verify applications; SNE Ignite, a network emulation for 5G O-RAN; Sentry, a solution for remotely monitoring multiple NTP, PTP, and clock signals in data center networks; Calnex SNE, a solution for network emulation and simulation; and NE-ONE Professional, a performance test application for realistic networks, including LAN, WAN, Internet, Cloud, Wi-Fi, (A)DSL, mobile, and satellite to verify application performance. It also provides Paragon-ONE, a feature that bundles delivering test solutions for PTP to profiles, such as IEEE 802.1AS/AS-REV, SMPTE 2059-2, and ITU-T G.8275.1.; Attero-100G for 100/40/25GbE device performance testing; Attero-X, a network test solution; Tempo for canned tests for embedded GPS/GLONASS/BEDOU receiver and optional mini rubidium; Rb/GPS, a frequency reference that provides a stable 10MHz and a 1pps measurement reference for Sync testers; 1pps/ToD/Frequency Converter that converts timing signals; and Calnex Analysis Tool, a network and device analysis software. The company offers its products through a network of resellers and distributors. Calnex Solutions plc was incorporated in 2006 and is headquartered in Linlithgow, the United Kingdom."
Centaur Technology Inc.,-,Intel Corporation (NasdaqGS:INTC),"Self
                         ",Vendor,Semiconductors,"VIA Technologies, Inc. (TWSE:2388) 2024 Form Doc",There is no business description for this supplier.
"CEVA, Inc. (NasdaqGS:CEVA)",NasdaqGS:CEVA,Intel Corporation (NasdaqGS:INTC),"Self
                         ",Licensor,Semiconductors,"CEVA, Inc. (NasdaqGS:CEVA) 2024 Form 10-K","CEVA, Inc. provides silicon and software IP solutions to semiconductor and original equipment manufacturer (OEM) companies worldwide. Its 5G mobile and infrastructure products include Ceva-XC vector digital signal processors (DSPs) for 5G handsets, 5G RAN, and general-purpose baseband processing; PentaG-RAN, an open ran platform for base station and radio; and PentaG2 - 5G NR modem platform for UE, as well as for non-handset 5G vertical markets, such as fixed wireless access, industry 4.0, robotics, and AR/VR devices. The companyÕs wireless IoT products comprise RivieraWavesÕ Bluetooth 5dual mode and low energy platforms, RivieraWavesÕ Wi-Fi platforms, ultra-wide band platforms, and Cellular IoT and RedCap platforms, as well as sense and inference processors and platforms consist of NeuPro-M neural processing unit (NPU) family; SensPro2 sensor hub AI platforms addressing imaging, vision, powertrain, and applications, including DSP processors, AI accelerators, and a software portfolio; and Ceva-BX1 and Ceva-BX2 audio AI DSPs. Its sensing and audio software comprise RealSpace spatial audio software package; WhisPro speech recognition; ClearVox, a voice front-end software package for voice-enabled devices; and CDNN, a neural network graph compiler that enables AI developers to automatically compile, optimize, and run pre-trained networks onto embedded devices. The companyÕs application software IP are licensed primarily to OEMs who embed it in their system on chip designs. It delivers AI DSPs and NPUs in the form of a hardware description language definition; and offers development platforms, software development kits, and software debug tools, which facilitate system design, debug, and software development. The company licenses its technology through a direct sales force. CEVA, Inc. was formerly known as ParthusCeva, Inc. and changed its name to CEVA, Inc. in December 2003. The company was incorporated in 1999 and is headquartered in Rockville, Maryland."
"Delta Design, Inc.",-,Intel Corporation (NasdaqGS:INTC),"Self
                         ",Supplier,Semiconductor Materials and Equipment,"Cohu, Inc. (NasdaqGS:COHU) 2013 Form 10-K","Delta Design, Inc. engages in the design, development, manufacture, and sale of semiconductor test-handling equipment to IC manufacturers worldwide. The company offers pick-and-place IC test handlers, thermal sub-systems, and environmental chambers for use in semiconductor final test, burn-in, and system level test applications. It also designs, manufactures, and supports device dedication kits for handlers with off-the-shelf and custom options. The company was founded in 1959 and is based in Poway, California. It has sales and service locations in the Americas, Asia, and Europe. Delta Design, Inc. operates as a subsidiary of Cohu, Inc."
"FormFactor, Inc. (NasdaqGS:FORM)",NasdaqGS:FORM,Intel Corporation (NasdaqGS:INTC),"Self
                         ",Supplier,Semiconductor Materials and Equipment,"FormFactor, Inc. (NasdaqGS:FORM) 2024 Form 10-K","FormFactor, Inc. designs, manufactures, and sells probe cards, analytical probes, probe stations, metrology systems, thermal systems, and cryogenic systems to semiconductor companies and scientific institutions. It operates in two segments, Probe Cards and Systems. The company offers probe cards to test various semiconductor device types, including systems on a chip products, mobile application processors, microprocessors, microcontrollers, and graphic processors, as well as radio frequency, analog, mixed signal, image sensor, electro-optical, dynamic random access memory, NAND flash memory, and NOR flash memory devices, as well as computer processor devices; and analytical probes, which are used for a range of applications, including device characterization, electrical simulation model development, failure analysis, and prototype design debugging for universities, research institutions, semiconductor integrated device manufacturers, semiconductor foundries, and fabless semiconductor companies. It also provides probe systems for semiconductor design engineers to capture and analyze accurate data; surface metrology systems for the development, production, and quality control of semiconductor products; thermal subsystems, such as thermal chucks and other test systems used in probe stations and other applications; and precision cryogenic instruments, semiconductor tests, and measurement systems. In addition, the company offers on-site probe card maintenance and service training, seminars, and telephone support services. It markets and sells its products through direct sales force, manufacturersÕ representatives, and distributors in the United States, Taiwan, South Korea, China, Europe, Japan, Malaysia, Singapore, and internationally. The company was incorporated in 1993 and is headquartered in Livermore, California."
"Gudeng Precision Industrial Co., Ltd. (TPEX:3680)",TPEX:3680,Intel Corporation (NasdaqGS:INTC),"Self
                         ",Supplier,Semiconductor Materials and Equipment,"Gudeng Precision Industrial Co., Ltd. (TPEX:3680) 2024 Form Doc","Gudeng Precision Industrial Co., Ltd. provides technology services worldwide. It offers wafer handling solutions, including shipping boxes, cassette boxes, wafer cassettes, and front opening wafer transfer boxes, as well as FOUP products; and reticle handling solutions, such as reticle boxes, nikon / canon reticle boxes, RSP 150, RSP 200, EUV PODs, TFT-LCD large size reticle boxes, assembled large-size reticle boxes, and other accessories. The company also provides cleaning, inspection, and maintenance services for its reticle and wafer handling products. In addition, it engages in the manufacture, trading, repair, and maintenance of various precision instruments; development, leasing, and sale of industrial plant, residential, building, and other real estate properties; sale of plastic and electronic products; sale and maintenance of automobiles; trading of various alcohol and aluminum foil products; and provision of investment, venture capital, and management consulting services. Gudeng Precision Industrial Co., Ltd. was incorporated in 1998 and is headquartered in New Taipei City, Taiwan."
"Ibiden Co.,Ltd. (TSE:4062)",TSE:4062,Intel Corporation (NasdaqGS:INTC),"Self
                         ",Supplier,Electronic Components,"Ibiden Co.,Ltd. (TSE:4062) - Form Doc","Ibiden Co.,Ltd. provides electronic and ceramics products in Japan, rest of Asia, North America, Europe, and internationally. The company offers IC package substrate for use in personal computers, data centers, and AI applications; motherboard and printed wiring boards; automotive exhaust system components, including diesel particulate filters; substrate holding mats; high temperature insulation materials; and graphite specialty products. It also provides decorative interior laminates for use in residential housing equipment, commercial facilities, offices, and hospitals. In addition, the company engages in the construction and maintenance of the renewable energy facilities; construction business; environmental engineering technology business; medical software package development; sale of information and communication terminals; and sale of welfare vehicles. Further, it engages in the solar and hydroelectric power generation. The company was formerly known as Ibigawa Electric Power Co., Ltd. and changed its name to Ibiden Co.,Ltd. in November 1982. The company was incorporated in 1912 and is headquartered in Ogaki, Japan."
"iMotion Automotive Technology (Suzhou) Co., Ltd. (SEHK:1274)",SEHK:1274,Mobileye N.V.,"Subsidiary/Investment
                         ",Supplier,Automotive Parts and Equipment,"iMotion Automotive Technology (Suzhou) Co., Ltd. (SEHK:1274) 2023 Form Doc","iMotion Automotive Technology (Suzhou) Co., Ltd. develops, manufactures, and sells autonomous driving (AD) products and solutions in the PeopleÕs Republic of China. The companyÕs autonomous driving solutions includes AD domain controller; associated sensors; integrated software, algorithms, and functions; and other services, such as sensor implementation, vehicle systems integration, and function testing and validation. It also provides SuperVision, a point-to-point assisted driving navigation solution on various road types; and iDC Series, a self-developed AD domain controller product lines that integrates high-speed driving and low-speed parking functions. In addition, the company offers iFC Series, a solution for level 2 autonomous driving, which comprises lane centering control, adaptive cruise control, emergency lane keeping, and automatic emergency braking functions. It serves original equipment manufacturers. The company was incorporated in 2016 and is headquartered in Suzhou, China."
"Impinj, Inc. (NasdaqGS:PI)",NasdaqGS:PI,Intel Corporation (NasdaqGS:INTC),"Self
                         ",Supplier,Semiconductors,"Impinj, Inc. (NasdaqGS:PI) 2023 Form 10-K","Impinj, Inc. operates a cloud connectivity platform in the Americas, the Asia Pacific, Europe, the Middle East, and Africa. Its platform wirelessly connects items and delivers data about the connected items to business and consumer applications. The companyÕs platform comprises endpoint ICs, a miniature radios-on-a-chip that attaches to a host item and includes a number to identify the item. Its platform also consists of systems products that consists of reader ICs, readers, and gateways to wirelessly provide power to and communicate bidirectionally with endpoint ICs on host items, as well as to read, write, authenticate, and engage the endpoint ICs on those items; and software and algorithms that enable its partners to solve enterprise business problems, such as retail self-checkout and loss prevention. The company primarily serves retail, supply chain and logistics, automotive, aviation, banking, datacenters, food, healthcare, industrial and manufacturing, linen and uniform tracking, sports, and travel industries through original equipment and device manufacturers, tag service bureaus, systems integrators, value-added resellers, independent software vendors, and other solution partners. Impinj, Inc. was incorporated in 2000 and is headquartered in Seattle, Washington."
Intel Corporation (NasdaqGS:INTC),NasdaqGS:INTC,Mobileye Global Inc. (NasdaqGS:MBLY),"Subsidiary/Investment
                         ",Lessor,Semiconductors,Mobileye Global Inc. (NasdaqGS:MBLY) 2023 Form 10-K,"Intel Corporation designs, develops, manufactures, markets, and sells computing and related products and services worldwide. It operates through Client Computing Group, Data Center and AI, Network and Edge, Mobileye, and Intel Foundry Services segments. The companyÕs products portfolio comprises central processing units and chipsets, system-on-chips (SoCs), and multichip packages; mobile and desktop processors; hardware products comprising graphics processing units (GPUs), domain-specific accelerators, and field programmable gate arrays (FPGAs); and memory and storage, connectivity and networking, and other semiconductor products. It also offers silicon devices and software products; and optimization solutions for workloads, such as AI, cryptography, security, storage, networking, and leverages various features supporting diverse compute environments. In addition, the company develops and deploys advanced driver assistance systems (ADAS), and autonomous driving technologies and solutions; and provides advanced process technologies backed by an ecosystem of IP, EDA, and design services, as well as systems of chips, including advanced packaging technologies, software and accelerate bring-up, and integration of chips and driving standards. Further, it delivers and deploys intelligent edge platforms that allow developers to achieve agility and drive automation using AI for efficient operations with data integrity, as well as provides hardware and software platforms, tools, and ecosystem partnerships for digital transformation from the cloud to edge. The company serves original equipment manufacturers, original design manufacturers, cloud service providers, and other manufacturers and service providers. It has a strategic agreement with Synopsys, Inc. to develop EDA and IP solutions; and ARM that enables chip designers to build optimized compute SoCs on the Intel 18A process. Intel Corporation was incorporated in 1968 and is headquartered in Santa Clara, California."
Intel Corporation (NasdaqGS:INTC),NasdaqGS:INTC,Mobileye Global Inc. (NasdaqGS:MBLY),"Subsidiary/Investment
                         ",Licensor,Semiconductors,Mobileye Global Inc. (NasdaqGS:MBLY) 2024 Form 10-K,"Intel Corporation designs, develops, manufactures, markets, and sells computing and related products and services worldwide. It operates through Client Computing Group, Data Center and AI, Network and Edge, Mobileye, and Intel Foundry Services segments. The companyÕs products portfolio comprises central processing units and chipsets, system-on-chips (SoCs), and multichip packages; mobile and desktop processors; hardware products comprising graphics processing units (GPUs), domain-specific accelerators, and field programmable gate arrays (FPGAs); and memory and storage, connectivity and networking, and other semiconductor products. It also offers silicon devices and software products; and optimization solutions for workloads, such as AI, cryptography, security, storage, networking, and leverages various features supporting diverse compute environments. In addition, the company develops and deploys advanced driver assistance systems (ADAS), and autonomous driving technologies and solutions; and provides advanced process technologies backed by an ecosystem of IP, EDA, and design services, as well as systems of chips, including advanced packaging technologies, software and accelerate bring-up, and integration of chips and driving standards. Further, it delivers and deploys intelligent edge platforms that allow developers to achieve agility and drive automation using AI for efficient operations with data integrity, as well as provides hardware and software platforms, tools, and ecosystem partnerships for digital transformation from the cloud to edge. The company serves original equipment manufacturers, original design manufacturers, cloud service providers, and other manufacturers and service providers. It has a strategic agreement with Synopsys, Inc. to develop EDA and IP solutions; and ARM that enables chip designers to build optimized compute SoCs on the Intel 18A process. Intel Corporation was incorporated in 1968 and is headquartered in Santa Clara, California."
Intel Corporation (NasdaqGS:INTC),NasdaqGS:INTC,Mobileye Global Inc. (NasdaqGS:MBLY),"Subsidiary/Investment
                         ",Vendor,Semiconductors,Mobileye Global Inc. (NasdaqGS:MBLY) 2024 Form 10-K,"Intel Corporation designs, develops, manufactures, markets, and sells computing and related products and services worldwide. It operates through Client Computing Group, Data Center and AI, Network and Edge, Mobileye, and Intel Foundry Services segments. The companyÕs products portfolio comprises central processing units and chipsets, system-on-chips (SoCs), and multichip packages; mobile and desktop processors; hardware products comprising graphics processing units (GPUs), domain-specific accelerators, and field programmable gate arrays (FPGAs); and memory and storage, connectivity and networking, and other semiconductor products. It also offers silicon devices and software products; and optimization solutions for workloads, such as AI, cryptography, security, storage, networking, and leverages various features supporting diverse compute environments. In addition, the company develops and deploys advanced driver assistance systems (ADAS), and autonomous driving technologies and solutions; and provides advanced process technologies backed by an ecosystem of IP, EDA, and design services, as well as systems of chips, including advanced packaging technologies, software and accelerate bring-up, and integration of chips and driving standards. Further, it delivers and deploys intelligent edge platforms that allow developers to achieve agility and drive automation using AI for efficient operations with data integrity, as well as provides hardware and software platforms, tools, and ecosystem partnerships for digital transformation from the cloud to edge. The company serves original equipment manufacturers, original design manufacturers, cloud service providers, and other manufacturers and service providers. It has a strategic agreement with Synopsys, Inc. to develop EDA and IP solutions; and ARM that enables chip designers to build optimized compute SoCs on the Intel 18A process. Intel Corporation was incorporated in 1968 and is headquartered in Santa Clara, California."
Intel Corporation (NasdaqGS:INTC),NasdaqGS:INTC,MobilEye Vision Technologies Ltd.,"Subsidiary/Investment
                         ",Licensor,Semiconductors,Mobileye Global Inc. (NasdaqGS:MBLY) 2023 Form 10-K,"Intel Corporation designs, develops, manufactures, markets, and sells computing and related products and services worldwide. It operates through Client Computing Group, Data Center and AI, Network and Edge, Mobileye, and Intel Foundry Services segments. The companyÕs products portfolio comprises central processing units and chipsets, system-on-chips (SoCs), and multichip packages; mobile and desktop processors; hardware products comprising graphics processing units (GPUs), domain-specific accelerators, and field programmable gate arrays (FPGAs); and memory and storage, connectivity and networking, and other semiconductor products. It also offers silicon devices and software products; and optimization solutions for workloads, such as AI, cryptography, security, storage, networking, and leverages various features supporting diverse compute environments. In addition, the company develops and deploys advanced driver assistance systems (ADAS), and autonomous driving technologies and solutions; and provides advanced process technologies backed by an ecosystem of IP, EDA, and design services, as well as systems of chips, including advanced packaging technologies, software and accelerate bring-up, and integration of chips and driving standards. Further, it delivers and deploys intelligent edge platforms that allow developers to achieve agility and drive automation using AI for efficient operations with data integrity, as well as provides hardware and software platforms, tools, and ecosystem partnerships for digital transformation from the cloud to edge. The company serves original equipment manufacturers, original design manufacturers, cloud service providers, and other manufacturers and service providers. It has a strategic agreement with Synopsys, Inc. to develop EDA and IP solutions; and ARM that enables chip designers to build optimized compute SoCs on the Intel 18A process. Intel Corporation was incorporated in 1968 and is headquartered in Santa Clara, California."
"Keysight Technologies, Inc. (NYSE:KEYS)",NYSE:KEYS,Intel Corporation (NasdaqGS:INTC),"Self
                         ",Supplier,Electronic Equipment and Instruments,Key DevelopmentClient Announcements Dec-07-2022,"Keysight Technologies, Inc. provides electronic design and test solutions to commercial communications, networking, aerospace, defense and government, automotive, energy, semiconductor, electronic, and education industries in the Americas, Europe, and the Asia Pacific. The company operates in two segments, Communications Solutions Group and Electronic Industrial Solutions Group. It offers electronic design automation (EDA) software; instrument measurement software, instrument workflow software, and software testing; digital multimeter, phase noise measurement, power meters and power sensors, counters, LCR meters and impedance measurement products, and electrometers; and spectrum analyzers, network analyzers, logic analyzers, protocol analyzers and exercisers, bit error ratio testers, noise figure analyzers, AC and DC power analyzers, materials test equipment, device current waveform analyzers, and curve tracers. The company also provides waveform and function generators, arbitrary waveform generators, DC power supplies, and DC electronic loads; wireless drive test, radio access and core network test, wireless analyzers, wireless network emulators, and over-the-air test; application and threat intelligence, cloud test, cyber training simulator, network test hardware, synthetic traffic generators, protocol and load test, network security test, and network modeling; bypass switches, clock synchronization, cloud visibility, network and application monitoring, network packet brokers, and network taps; and application-specific test systems, photonic test and measurement products, and MMIC millimeter-wave and microwave devices. In addition, it offers product support, technical support, installation, training, engineering, and integration services. The company sells its products through direct sales force, distributors, resellers, and manufacturer's representatives. Keysight Technologies, Inc. was founded in 1939 and is headquartered in Santa Rosa, California."
Lam Research Corporation (NasdaqGS:LRCX),NasdaqGS:LRCX,Intel Corporation (NasdaqGS:INTC),"Self
                         ",Supplier,Semiconductor Materials and Equipment,Lam Research Corporation (NasdaqGS:LRCX) 2023 Form 10-K,"Lam Research Corporation designs, manufactures, markets, refurbishes, and services semiconductor processing equipment used in the fabrication of integrated circuits. The company offers ALTUS systems to deposit conformal films for tungsten metallization applications; SABRE electrochemical deposition products for copper interconnect transition that offers copper damascene manufacturing; and VECTOR plasma-enhanced CVD products. It also provides SPEED gapfill high-density plasma chemical vapor deposition products; and Striker single-wafer atomic layer deposition products for dielectric film solutions. In addition, the company offers Flex for dielectric etch applications; Vantex, a dielectric etch system that provides RF technology and repeatable wafer-to-wafer performance enabled by Equipment Intelligence solutions; Kiyo for conductor etch applications; Syndion for through-silicon via etch applications; and Versys metal products for metal etch processes. Further, it provides Coronus bevel clean products to enhance die yield; and Da Vinci, DV-Prime, EOS, and SP series products to address various wafer cleaning applications. The company sells its products in the United States, China, Europe, Japan, Korea, Southeast Asia, and Taiwan. Lam Research Corporation was incorporated in 1980 and is headquartered in Fremont, California."
"MCNEX Co., Ltd (KOSE:A097520)",KOSE:A097520,Intel Corporation (NasdaqGS:INTC),"Self
                         ",Supplier,Electronic Components,"MCNEX Co., Ltd (KOSE:A097520) - Form ","MCNEX Co., Ltd manufactures and sells camera modules in South Korea and internationally. The company offers mobile and automotive camera modules. It also offers actuator, biometric sensing, and IOT solutions. In addition, the company provides AR, VR, and 3D solutions. MCNEX Co., Ltd was founded in 2004 and is based in Incheon, South Korea."
"MK Electron Co., Ltd. (KOSDAQ:A033160)",KOSDAQ:A033160,Intel Corporation (NasdaqGS:INTC),"Self
                         ",Supplier,Semiconductors,"MK Electron Co., Ltd. (KOSDAQ:A033160) - Form ","MK Electron Co., Ltd. develops, manufactures, and markets semiconductor materials in Korea, Taiwan, China, and Southeast Asia. It offers bonding wires and solders balls, including gold bonding wires, copper bonding wires, AG based wires, and advanced Au-Ag-alloy bonding wires, as well as sputtering target products made of gold based alloy, and evaporation materials. The company provides CCSB, solder paste, and solder bar. MK Electron Co., Ltd. was founded in 1982 and is based in Yongin-si, South Korea."
Mobileye Global Inc. (NasdaqGS:MBLY),NasdaqGS:MBLY,Intel Corporation (NasdaqGS:INTC),"Self
                         ",Creditor,Automotive Parts and Equipment,Mobileye Global Inc. (NasdaqGS:MBLY) 2024 Form 10-K,"Mobileye Global Inc. develops and deploys advanced driver assistance systems (ADAS) and autonomous driving technologies and solutions worldwide. The company operates through Mobileye and Other segments. It offers Driver Assist comprising ADAS and autonomous vehicle solutions that covers safety features, such as real-time detection of road users, geometry, semantics, and markings to provide safety alerts and emergency interventions; Cloud-Enhanced Driver Assist, a solution for drivers with interpretations of a scene in real-time; Mobileye SuperVision Lite, a navigation and assisted driving solution; and Mobileye SuperVision, an operational point-to-point assisted driving navigation solution on various road types and includes cloud-based enhancements, such as road experience management. The company also provides Mobileye Chauffeur, a first-generation solution for eyes-off/hands-off driving with a human driver still in the driverÕs seat; Mobileye Drive, a self-driving system comprising of radar and lidar subsystems, as well as collision avoidance systems, including Mobileye 8 Connect for light and medium-duty vehicles, and Mobileye Shield+ for large vehicles. It serves original equipment manufacturers. The company was founded in 1999 and is headquartered in Jerusalem, Israel. Mobileye Global Inc. operates as a subsidiary of Intel Overseas Funding Corporation."
Mobileye Global Inc. (NasdaqGS:MBLY),NasdaqGS:MBLY,Intel Corporation (NasdaqGS:INTC),"Self
                         ",Licensor,Automotive Parts and Equipment,Mobileye Global Inc. (NasdaqGS:MBLY) 2024 Form 10-K,"Mobileye Global Inc. develops and deploys advanced driver assistance systems (ADAS) and autonomous driving technologies and solutions worldwide. The company operates through Mobileye and Other segments. It offers Driver Assist comprising ADAS and autonomous vehicle solutions that covers safety features, such as real-time detection of road users, geometry, semantics, and markings to provide safety alerts and emergency interventions; Cloud-Enhanced Driver Assist, a solution for drivers with interpretations of a scene in real-time; Mobileye SuperVision Lite, a navigation and assisted driving solution; and Mobileye SuperVision, an operational point-to-point assisted driving navigation solution on various road types and includes cloud-based enhancements, such as road experience management. The company also provides Mobileye Chauffeur, a first-generation solution for eyes-off/hands-off driving with a human driver still in the driverÕs seat; Mobileye Drive, a self-driving system comprising of radar and lidar subsystems, as well as collision avoidance systems, including Mobileye 8 Connect for light and medium-duty vehicles, and Mobileye Shield+ for large vehicles. It serves original equipment manufacturers. The company was founded in 1999 and is headquartered in Jerusalem, Israel. Mobileye Global Inc. operates as a subsidiary of Intel Overseas Funding Corporation."
Mobileye Global Inc. (NasdaqGS:MBLY),NasdaqGS:MBLY,Intel Corporation (NasdaqGS:INTC),"Self
                         ",Supplier,Automotive Parts and Equipment,Mobileye Global Inc. (NasdaqGS:MBLY) 2024 Form 10-K,"Mobileye Global Inc. develops and deploys advanced driver assistance systems (ADAS) and autonomous driving technologies and solutions worldwide. The company operates through Mobileye and Other segments. It offers Driver Assist comprising ADAS and autonomous vehicle solutions that covers safety features, such as real-time detection of road users, geometry, semantics, and markings to provide safety alerts and emergency interventions; Cloud-Enhanced Driver Assist, a solution for drivers with interpretations of a scene in real-time; Mobileye SuperVision Lite, a navigation and assisted driving solution; and Mobileye SuperVision, an operational point-to-point assisted driving navigation solution on various road types and includes cloud-based enhancements, such as road experience management. The company also provides Mobileye Chauffeur, a first-generation solution for eyes-off/hands-off driving with a human driver still in the driverÕs seat; Mobileye Drive, a self-driving system comprising of radar and lidar subsystems, as well as collision avoidance systems, including Mobileye 8 Connect for light and medium-duty vehicles, and Mobileye Shield+ for large vehicles. It serves original equipment manufacturers. The company was founded in 1999 and is headquartered in Jerusalem, Israel. Mobileye Global Inc. operates as a subsidiary of Intel Overseas Funding Corporation."
"Parade Technologies, Ltd. (TPEX:4966)",TPEX:4966,Intel Corporation (NasdaqGS:INTC),"Self
                         ",Supplier,Semiconductors,"Parade Technologies, Ltd. (TPEX:4966) 2023 Form Doc","Parade Technologies, Ltd. operates as a fabless semiconductor company in South Korea, China, Taiwan, Japan, and internationally. It engages in the research and development, and marketing and sale of high-speed interface standards, and touch controller and display processing integrated circuit (IC) chips for products used in computers, consumer electronics, and display panels. The companyÕs products portfolio comprises high-speed interface ICs, including PCI Express/SATA, USBs, DisplayPorts, HDMIs, and protocol converters; display and touch integrated system ICs, such as touch embedded TCONs and source drivers, touch and gate level shifters, embedded DisplayPort timing controllers, display panel source drivers, Tcons with embedded source drivers and touch, touch and display driver integrated products, and DisplayPort LCD monitor controllers; truetouch touch screen controllers; and automotive ICs. Parade Technologies, Ltd. was incorporated in 2005 and is based in Grand Cayman, Cayman Islands."
Peraso Inc. (NasdaqCM:PRSO),NasdaqCM:PRSO,Intel Corporation (NasdaqGS:INTC),"Self
                         ",Licensor,Semiconductors,Peraso Inc. (NasdaqCM:PRSO) 2024 Form 10-K,"Peraso Inc., a fabless semiconductor company, develops, markets, and sells semiconductor devices and antenna modules in the United States, Hong Kong, Taiwan, and internationally. The companyÕs products include millimeter wavelength (mmWave) ICs, including baseband IC, various mmWave radio frequency, integrated circuits (IC), as well as associated antenna technology; and mmWave antenna modules for license-free 60 gigahertz (GHz) applications. It also provides memory products, comprising bandwidth engine ICs, which are memory-dominated ICs for high-speed cloud networking, communications, security appliance, video, monitor and test, data center and computing markets that deliver time-to-market, performance, power, area to system original equipment manufacturers. The companyÕs mmWave products are used for various applications, such as multi-gigabit point-to-point wireless links with a range of up to 25 kilometers and operating in the 60 GHz frequency band; multi-gigabit point-to-multi-point links in the 60 GHz frequency band used to provide fixed wireless access (FWA) services; FWA in the 5G operating bands from 24 GHz to 43 GHz to provide multi-gigabit capability and low latency connections; military communications; and consumer applications, such as high performance wireless video streaming, and untethered augmented reality and virtual reality. The company also licenses intellectual property, as well as offers non-recurring engineering services. It markets its products through direct sales personnel, as well as sells representatives and distributors. The company was formerly knowns as MoSys, Inc. and changed its name to Peraso Inc. in December 2021. Peraso Inc. is headquartered in San Jose, California."
PG Electroplast Limited (BSE:533581),BSE:533581,Intel Corporation (NasdaqGS:INTC),"Self
                         ",Supplier,Electronic Manufacturing Services,PG Electroplast Limited (BSE:533581) 9/7/ Form Doc,"PG Electroplast Limited provides electronic manufacturing services for original equipment and design manufacturers in India and internationally. The company manufactures and/or assembles various consumer electronic components and finished products, such as kitchen appliances, air conditioners sub-assemblies, air cooler, washing machines, mobile handsets, and LEDs for third parties. It also offers exterior and interior automotive parts; printed circuit board assemblies; LED televisions; and thermoset-urea-formaldehyde and PP toilet seats. In addition, the company provides small, medium, large sized, high-precision, and surface critical injection molded components; polymers for various hollow plastic products; moldings of thermoset polymers; small and medium sized moulds for applications in the automotive, white goods, home and kitchen appliances, lighting, and electrical equipment industries; and sheet metal components and heat exchangers, as well as powder coatings and copper connecting pipes. Further, the company owns and operates polyurethane paint shop. PG Electroplast Limited was incorporated in 2003 and is based in Greater Noida, India."
"Samsung Electro-Mechanics Co., Ltd. (KOSE:A009150)",KOSE:A009150,Intel Corporation (NasdaqGS:INTC),"Self
                         ",Supplier,Electronic Components,"Samsung Electro-Mechanics Co., Ltd. (KOSE:A009150) - Form Doc","Samsung Electro-Mechanics Co., Ltd. manufactures and sells various electronic components in Korea, China, Southeast Asia, Japan, the Americas, and Europe. The company operates through three segments: Component, Optics & Communication Solution, and Package Solution. It offers multilayer ceramic capacitors, inductors, tantalums, and chip resistors; camera and network modules; package substrates; and semiconductor PKG boards. The company is also involved in the real estate and real estate software, as well as investment business. Its products are used in automotive, computer, display, hard disk drive, mobile phone, network, server, solid state drive, tablet, and wearable products applications. The company was formerly known as Samsung Electronic Parts Co., Ltd. and changed its name to Samsung Electro-Mechanics Co., Ltd. in February 1987. The company was incorporated in 1973 and is headquartered in Suwon-si, South Korea."
Sigurd Microelectronics Corporation (TWSE:6257),TWSE:6257,Intel Corporation (NasdaqGS:INTC),"Self
                         ",Supplier,Semiconductors,Sigurd Microelectronics Corporation (TWSE:6257) 2024 Form Doc,"Sigurd Microelectronics Corporation, together with its subsidiaries, engages in the design, processing, testing, burn-in treatment, manufacture, and trading of integrated circuits (ICs) in Taiwan, Singapore, America, China, and internationally. It operates through Assembly and Testing; and International Trading segments. The company provides advance packages; and test services, including wafer sort chip probing, final test, and test engineering services. It also offers die process services, such as wafer grinding, laser cutting and printing, sawing, tape and reel, direct shipping, wafer back cover lamination, wafer back laser printing, 100% automatic optical inspection after wafer cutting, roll-to-roll sorting, reconstruction, 6-sided die inspection, and other process integrations; backend services, including lead scan, inspection, baking, marking, packing, and drop ship; and other services, such as wafer bumping and assembly; and system level test, burn in services, and laser repair. In addition, the company is involved in the manufacture and sale IC programmers and its parts, IC copiers, components for chip testers and electronics, dies, flip chips, and substrate-based boards, as well as medical equipment; supply of digital information services; investments; and plant development and leasing services. Its products are used in various applications comprising the metaverse, high-performance computing, wireless communication, mobile devices, automotive, medical, satellite, computers, IoT, artificial intelligence, consumer electronics, and multimedia products. The company serves semiconductor design companies, integrated device manufacturers, and wafer foundries. Sigurd Microelectronics Corporation was incorporated in 1988 and is based in Hsinchu City, Taiwan."
Silicon Motion Technology Corporation (NasdaqGS:SIMO),NasdaqGS:SIMO,Intel Corporation (NasdaqGS:INTC),"Self
                         ",Supplier,Semiconductors,Silicon Motion Technology Corporation (NasdaqGS:SIMO) 2024 Form 20-F,"Silicon Motion Technology Corporation, together with its subsidiaries, designs, develops, and markets NAND flash controllers for solid-state storage devices in Taiwan, the United States, Korea, China, Malaysia, Singapore, and internationally. The company offers controllers for computing-grade solid state drives (SSDs), which are used in PCs and other client devices; enterprise-grade SSDs used in data centers; enterprise-grade SSDs used in enterprise and hyperscale data centers; eMMC and UFS mobile embedded storage for use in smartphones and IoT devices; flash memory cards and flash drives for use in expandable storage; and specialized SSDs that are used in industrial, commercial, and automotive applications. It markets its controllers under the SMI brand; and single-chip SSDs under the FerriSSD, Ferri-eMMC, and Ferri-UFS brands. The company markets and sells its products through direct sales personnel and independent electronics distributors to NAND flash makers, module makers, hyperscalers, and OEMs. Silicon Motion Technology Corporation was founded in 1995 and is based in Hong Kong, Hong Kong."
Siltronic AG (XTRA:WAF),XTRA:WAF,Intel Corporation (NasdaqGS:INTC),"Self
                         ",Supplier,Semiconductor Materials and Equipment,Siltronic AG (XTRA:WAF) - Form Doc,"Siltronic AG, together with its subsidiaries, provides hyperpure semiconductor silicon wafers in Germany, rest of Europe, the United States, Taiwan and Mainland China, Korea, and Rest of Asia. It offers polished and epitaxial wafers. The company provides special products, such as Ultimate Silicon, an optimal crystal for polished wafers; Float zone/FZ, a wafer product based on the float zone method; and HIREF that offers low microroughness, and low-defect surface structure. Its products are used in computers, smartphones, industrial equipment, wind turbines, and cars with and without electric drives. The company was formerly known as Wacker Siltronic AG and changed its name to Siltronic AG in 2004. Siltronic AG was founded in 1953 and is headquartered in Munich, Germany."
"SIMMTECH Co., Ltd. (KOSDAQ:A222800)",KOSDAQ:A222800,Intel Corporation (NasdaqGS:INTC),"Self
                         ",Supplier,Semiconductor Materials and Equipment,"SIMMTECH Co., Ltd. (KOSDAQ:A222800) - Form ","SIMMTECH Co., Ltd. engages in the developing and manufacturing of high-layer printed circuit boards (PCBs) for semiconductors worldwide. The company offers solid state drive module PCBs for notebook and desktop PC, server, computer, etc.; memory module PCBs, such as dual inline memory module (DIMM), small outline DIMM, and registered DIMM for Desktop PC, notebook PC, workstation, server, etc.; multi-layer module PCBs for server, super computer, etc.; and automotive boards for engine control unit, connectivity board, and ADAS. It also provides semiconductor package substrates, including board on chip for PC, server, and CXL memory module DRAM; wire bond chip scale package for mobile memory; and flip chip chip scale package for graphic card, game console, and automotive graphic DRAM. The company was founded in 1987 and is headquartered in Cheongju-si, South Korea."
"Simmtech Holdings Co., Ltd. (KOSDAQ:A036710)",KOSDAQ:A036710,Intel Corporation (NasdaqGS:INTC),"Self
                         ",Supplier,Electronic Components,"Simmtech Holdings Co., Ltd. (KOSDAQ:A036710) - Form ","Simmtech Holdings Co., Ltd., through its subsidiaries, develops, manufactures, and sells printed circuit boards (PCBs) for semiconductors worldwide. The company was formerly known as SimmTech Co., Ltd. and changed its name to Simmtech Holdings Co., Ltd. in July 2015. Simmtech Holdings Co., Ltd. was founded in 1987 and is headquartered in Cheongju, South Korea."
STMicroelectronics N.V. (ENXTPA:STMPA),ENXTPA:STMPA,Mobileye Global Inc. (NasdaqGS:MBLY),"Subsidiary/Investment
                         ",Supplier,Semiconductors,Mobileye Global Inc. (NasdaqGS:MBLY) 2024 Form 10-K,"STMicroelectronics N.V., together with its subsidiaries, designs, develops, manufactures, and sells semiconductor products in Europe, the Middle East, Africa, the Americas, and the Asia Pacific. The company operates through Automotive and Discrete Group; Analog, MEMS and Sensors Group; and Microcontrollers and Digital ICs Group segments. The Automotive and Discrete Group segment offers automotive integrated circuits (ICs), and discrete and power transistor products. The Analog, MEMS and Sensors Group segment provides industrial application-specific integrated circuits (ASICs) and application-specific standard products (ASSPs); general purpose analog products; custom analog ICs; wireless charging solutions; galvanic isolated gate drivers; low and high voltage amplifiers, comparators, and current-sense amplifiers; MasterGaN, a solution that integrates a silicon driver and GaN power transistors in a single package; wireline and wireless connectivity ICs; touch screen controllers; micro-electro-mechanical systems (MEMS) products, including sensors or actuators; and optical sensing solutions. The Microcontrollers and Digital ICs Group segment offers general purpose and secure microcontrollers; and radio frequency (RF) products. It also offers application-specific standard products for analog, digital and mixed-signal applications. In addition, the company provides assembly and other services. It sells its products through distributors and retailers, as well as through sales representatives. The company serves automotive, industrial, personal electronics and communications equipment, and computers and peripherals markets. STMicroelectronics N.V. was incorporated in 1987 and is headquartered in Geneva, Switzerland."
STMicroelectronics N.V. (ENXTPA:STMPA),ENXTPA:STMPA,Mobileye N.V.,"Subsidiary/Investment
                         ",Supplier,Semiconductors,STMicroelectronics N.V. (ENXTPA:STMPA) 2024 Form 20-F,"STMicroelectronics N.V., together with its subsidiaries, designs, develops, manufactures, and sells semiconductor products in Europe, the Middle East, Africa, the Americas, and the Asia Pacific. The company operates through Automotive and Discrete Group; Analog, MEMS and Sensors Group; and Microcontrollers and Digital ICs Group segments. The Automotive and Discrete Group segment offers automotive integrated circuits (ICs), and discrete and power transistor products. The Analog, MEMS and Sensors Group segment provides industrial application-specific integrated circuits (ASICs) and application-specific standard products (ASSPs); general purpose analog products; custom analog ICs; wireless charging solutions; galvanic isolated gate drivers; low and high voltage amplifiers, comparators, and current-sense amplifiers; MasterGaN, a solution that integrates a silicon driver and GaN power transistors in a single package; wireline and wireless connectivity ICs; touch screen controllers; micro-electro-mechanical systems (MEMS) products, including sensors or actuators; and optical sensing solutions. The Microcontrollers and Digital ICs Group segment offers general purpose and secure microcontrollers; and radio frequency (RF) products. It also offers application-specific standard products for analog, digital and mixed-signal applications. In addition, the company provides assembly and other services. It sells its products through distributors and retailers, as well as through sales representatives. The company serves automotive, industrial, personal electronics and communications equipment, and computers and peripherals markets. STMicroelectronics N.V. was incorporated in 1987 and is headquartered in Geneva, Switzerland."
Taiwan Semiconductor Manufacturing Company Limited (TWSE:2330),TWSE:2330,Intel Corporation (NasdaqGS:INTC),"Self
                         ",Supplier,Semiconductors,Taiwan Semiconductor Manufacturing Company Limited (TWSE:2330) 2024 Form 20-F,"Taiwan Semiconductor Manufacturing Company Limited, together with its subsidiaries, manufactures, packages, tests, and sells integrated circuits and other semiconductor devices in Taiwan, China, Europe, the Middle East, Africa, Japan, the United States, and internationally. It provides a range of wafer fabrication processes, including processes to manufacture complementary metal- oxide-semiconductor (CMOS) logic, mixed-signal, radio frequency, embedded memory, bipolar CMOS mixed-signal, and others. The company also offers customer and engineering support services; manufactures masks; and invests in technology start-up companies; researches, designs, develops, manufactures, packages, tests, and sells color filters; and provides investment services. Its products are used in high performance computing, smartphones, Internet of things, automotive, and digital consumer electronics. The company was incorporated in 1987 and is headquartered in Hsinchu City, Taiwan."
Tokyo Electron Limited (TSE:8035),TSE:8035,Intel Corporation (NasdaqGS:INTC),"Self
                         ",Supplier,Semiconductor Materials and Equipment,Tokyo Electron Limited (TSE:8035) - Form Doc,"Tokyo Electron Limited, together with its subsidiaries, develops, manufactures, and sells semiconductor and flat panel display (FPD) production equipment in Japan, Europe, North America, Taiwan, China, South Korea, Southeast Asia, and internationally. The company offers coaters/developers, etch systems, surface preparation systems, deposition systems, test systems, wafer bonders/debonders, wafer edge trimming, SiC epitaxial CVD systems, gas cluster ion beam system, and cleaning systems. It also provides plasma etch/ash systems for use in the manufacture of FPDs, as well as inkjet printing systems for manufacturing OLED displays. In addition, the company offers delivery, facility management, and non-life insurance services; sells semiconductor products, board computer products, software, and other electronic components; sells and supports network/storage/middleware related solutions; and develops, manufactures, and sells magnetic annealing systems. Tokyo Electron Limited was incorporated in 1951 and is headquartered in Tokyo, Japan."
TXC Corporation (TWSE:3042),TWSE:3042,Intel Corporation (NasdaqGS:INTC),"Self
                         ",Supplier,Electronic Components,TXC Corporation (TWSE:3042) 2023 Form Doc,"TXC Corporation engages in the research, design, development, production, and sale of crystal and oscillator products in Taiwan and internationally. The companyÕs products include crystals, oscillators, as well as automotive crystals. Its products are used in telecom and enterprise, automotive, consumer electronics, and mobile communication sectors. TXC Corporation was incorporated in 1983 and is headquartered in Taoyuan city, Taiwan."
United Microelectronics Corporation (TWSE:2303),TWSE:2303,Intel Deutschland GmbH,"Subsidiary/Investment
                         ",Supplier,Semiconductors,United Microelectronics Corporation (TWSE:2303) 2024 Form 20-F,"United Microelectronics Corporation operates as a semiconductor wafer foundry in Taiwan, China, Hong Kong, Japan, Korea, the United States, Europe, and internationally. The company provides circuit design, mask tooling, wafer fabrication, and assembly and testing services. It serves fabless design companies and integrated device manufacturers. United Microelectronics Corporation was incorporated in 1980 and is headquartered in Hsinchu City, Taiwan."
Wacker Chemie AG (XTRA:WCH),XTRA:WCH,Intel Deutschland GmbH,"Subsidiary/Investment
                         ",Supplier,Specialty Chemicals,Key DevelopmentClient Announcements Jun-30-2014,"Wacker Chemie AG, together with its subsidiaries, provides chemical products worldwide. It operates through four divisions: Wacker Silicones, Wacker Polymers, Wacker Biosolutions, and Wacker Polysilicon. The Wacker Silicones division offers silanes, siloxanes, silicone fluids, silicone emulsions, silicone elastomers, silicone resins, and pyrogenic silica. The Wacker Polymers division provides binders and polymeric additives, such as dispersible polymer powder and vinyl acetate-ethylene dispersions, which are used in construction, paper, adhesive, paint, coating, and basic chemical industries. The Wacker Biosolutions division offers customized biotech and catalog products for fine chemicals, such as pharmaceutical proteins, vaccines, cyclodextrins, cysteine, polyvinyl acetate solid resins, and acetylacetone for pharmaceutical actives, food additives, and agrochemicals. The Wacker Polysilicon division produces hyperpure polysilicon for use in semiconductor and solar sectors. Wacker Chemie AG was founded in 1914 and is headquartered in Munich, Germany. Wacker Chemie AG operates as a subsidiary of Dr. Alexander Wacker Familiengesellschaft mbH."
